<?xml version="1.0" encoding="UTF-8"?>
<project-private xmlns="http://www.netbeans.org/ns/project-private/1">
    <editor-bookmarks xmlns="http://www.netbeans.org/ns/editor-bookmarks/2" lastBookmarkId="0"/>
    <open-files xmlns="http://www.netbeans.org/ns/projectui-open-files/2">
        <group>
            <file>file:/E:/Final%20project/PROJECTHANDLER/Kulchuri_Project/web/Guide_MENU_Design.jsp</file>
            <file>file:/E:/Final%20project/PROJECTHANDLER/Kulchuri_Project/web/top_bar.jsp</file>
            <file>file:/E:/Final%20project/PROJECTHANDLER/Kulchuri_Project/web/main_header.jsp</file>
            <file>file:/E:/Final%20project/PROJECTHANDLER/Kulchuri_Project/web/index.jsp</file>
            <file>file:/E:/Final%20project/PROJECTHANDLER/Kulchuri_Project/web/guideHome.jsp</file>
            <file>file:/E:/Final%20project/PROJECTHANDLER/Kulchuri_Project/web/GuideHOME_MEnu.jsp</file>
            <file>file:/E:/Final%20project/PROJECTHANDLER/Kulchuri_Project/web/getInfo.jsp</file>
        </group>
    </open-files>
</project-private>
